root,rootBW,gloss,verse_count
兀亘丿,>bd,,28
兀亘賱,>bl,,3
兀亘賵,>bw,,104
兀亘賷,>by,,12
兀鬲賷,>ty,,486
兀孬孬,>vv,,2
兀孬乇,>vr,,21
兀孬賲,>vm,,42
兀噩噩,>jj,,3
兀噩乇,>jr,,99
兀噩賱,>jl,,48
兀丨丿,>Hd,,82
兀禺匕,>x*,,244
兀禺乇,>xr,,242
兀禺賵,>xw,,80
兀丿賲,>dm,,25
兀丿賷,>dy,,5
兀匕賳,>*n,,90
兀匕賷,>*y,,22
兀乇亘,>rb,,2
兀乇囟,>rD,"earth, land",440
兀乇賰,>rk,,5
兀夭乇,>zr,,2
兀夭賮,>zf,,2
兀爻乇,>sr,,6
兀爻爻,>ss,,2
兀爻賮,>sf,,5
兀爻賵,>sw,,7
兀卮乇,>$r,,2
兀氐乇,>Sr,,3
兀氐賱,>Sl,,10
兀賮賮,>ff,,3
兀賮賯,>fq,,3
兀賮賰,>fk,,29
兀賮賱,>fl,,3
兀賰賱,>kl,,101
兀賱賮,>lf,,19
兀賱賱,>ll,,2
兀賱賲,>lm,,73
兀賱賵,>lw,,37
兀賲丿,>md,,4
兀賲乇,>mr,,226
兀賲賱,>ml,,2
兀賲賲,>mm,,108
兀賲賵,>mw,,2
兀賳孬,>nv,,26
兀賳爻,>ns,,317
兀賳賮,>nf,,2
兀賳賷,>ny,,8
兀賴賱,>hl,"family, people",120
兀賵亘,>wb,,17
兀賵賱,>wl,,119
兀賵賳,>wn,,8
兀賵賴,>wh,,2
兀賵賷,>wy,,36
兀賷丿,>yd,,11
亘兀爻,b>s,,70
亘孬孬,bvv,,9
亘丨乇,bHr,,40
亘禺爻,bxs,,7
亘禺毓,bxE,,2
亘禺賱,bxl,,7
亘丿兀,bd>,,14
亘丿毓,bdE,,4
亘丿賱,bdl,,40
亘丿賳,bdn,,2
亘丿賵,bdw,,29
亘匕乇,b*r,,2
亘乇兀,br>,,28
亘乇噩,brj,,6
亘乇丨,brH,,3
亘乇丿,brd,,5
亘乇乇,brr,,30
亘乇夭,brz,,9
亘乇夭禺,brzx,,3
亘乇氐,brS,,2
亘乇賯,brq,,7
亘乇賰,brk,,32
亘乇賴賳,brhn,,8
亘夭睾,bzg,,2
亘爻乇,bsr,,2
亘爻胤,bsT,,23
亘卮乇,b$r,,119
亘氐乇,bSr,"sight, see",139
亘囟毓,bDE,,6
亘胤乇,bTr,,2
亘胤卮,bT$,,8
亘胤賱,bTl,,34
亘胤賳,bTn,,25
亘毓孬,bEv,,64
亘毓孬乇,bEvr,,2
亘毓丿,bEd,,223
亘毓乇,bEr,,2
亘毓囟,bED,,87
亘毓賱,bEl,,5
亘睾鬲,bgt,,13
亘睾囟,bgD,,5
亘睾賷,bgy,,90
亘賯乇,bqr,,9
亘賯賷,bqy,,21
亘賰乇,bkr,,12
亘賰賲,bkm,,6
亘賰賷,bky,,7
亘賱丿,bld,,19
亘賱爻,bls,,5
亘賱睾,blg,,73
亘賱賵,blw,,35
亘賳賳,bnn,,2
亘賳賷,bny,,150
亘賴鬲,bht,,8
亘賴噩,bhj,,3
亘賴賲,bhm,,3
亘賵兀,bw>,,16
亘賵亘,bwb,,24
亘賵乇,bwr,,5
亘賵賱,bwl,,4
亘賷鬲,byt,,54
亘賷囟,byD,,12
亘賷毓,byE,,11
亘賷賳,byn,,454
鬲亘亘,tbb,,3
鬲亘乇,tbr,,4
鬲亘毓,tbE,,156
鬲噩乇,tjr,,8
鬲丨鬲,tHt,,50
鬲乇亘,trb,,22
鬲乇賮,trf,,8
鬲乇賰,trk,,37
鬲爻毓,tsE,,6
鬲賱賵,tlw,,61
鬲賲賲,tmm,,20
鬲賵亘,twb,"repent, repentance",69
鬲賵乇,twr,,2
孬亘鬲,vbt,,17
孬亘乇,vbr,,4
孬禺賳,vxn,,2
孬毓亘,vEb,,2
孬賯亘,vqb,,2
孬賯賮,vqf,,6
孬賯賱,vql,,26
孬賱孬,vlv,,28
孬賱賱,vll,,3
孬賲乇,vmr,,22
孬賲賳,vmn,,19
孬賳賷,vny,,24
孬賵亘,vwb,,23
孬賵乇,vwr,,5
孬賵賷,vwy,,14
噩兀乇,j>r,,3
噩亘亘,jbb,,2
噩亘乇,jbr,,10
噩亘賱,jbl,,39
噩亘賷,jby,,12
噩孬賲,jvm,,5
噩孬賵,jvw,,3
噩丨丿,jHd,,12
噩丨賲,jHm,,26
噩丿孬,jdv,,3
噩丿丿,jdd,,10
噩丿乇,jdr,,4
噩丿賱,jdl,,27
噩匕匕,j**,,2
噩匕毓,j*E,,3
噩乇丨,jrH,,4
噩乇丿,jrd,,2
噩乇夭,jrz,,2
噩乇賲,jrm,,65
噩乇賷,jry,,64
噩夭兀,jz>,,3
噩夭毓,jzE,,2
噩夭賷,jzy,,109
噩爻丿,jsd,,4
噩爻賲,jsm,,2
噩毓賱,jEl,,311
噩賱亘,jlb,,2
噩賱丿,jld,,9
噩賱賱,jll,,2
噩賱賵,jlw,,5
噩賲毓,jmE,,123
噩賲賱,jml,,11
噩賳亘,jnb,,31
噩賳丨,jnH,,32
噩賳丿,jnd,,27
噩賳賮,jnf,,2
噩賳賳,jnn,"paradise, garden, jinn",196
噩賳賷,jny,,2
噩賴丿,jhd,"strive, jihad",36
噩賴乇,jhr,,15
噩賴夭,jhz,,2
噩賴賱,jhl,,24
噩賵亘,jwb,,41
噩賵丿,jwd,,2
噩賵乇,jwr,,10
噩賵夭,jwz,,5
噩賵毓,jwE,,5
噩賷兀,jy>,,261
噩賷亘,jyb,,3
丨亘亘,Hbb,,85
丨亘乇,Hbr,,6
丨亘爻,Hbs,,2
丨亘胤,HbT,,16
丨亘賱,Hbl,,6
丨噩亘,Hjb,,8
丨噩噩,Hjj,,26
丨噩乇,Hjr,,18
丨噩夭,Hjz,,2
丨丿孬,Hdv,,36
丨丿丿,Hdd,,20
丨丿賯,Hdq,,3
丨匕乇,H*r,,19
丨乇亘,Hrb,,11
丨乇孬,Hrv,,11
丨乇噩,Hrj,,11
丨乇乇,Hrr,,11
丨乇氐,HrS,,4
丨乇囟,HrD,,3
丨乇賮,Hrf,,6
丨乇賯,Hrq,,9
丨乇賲,Hrm,,71
丨夭亘,Hzb,,17
丨夭賳,Hzn,,42
丨爻亘,Hsb,"reckon, account",101
丨爻丿,Hsd,,4
丨爻乇,Hsr,,12
丨爻爻,Hss,,6
丨爻賳,Hsn,,177
丨卮乇,H$r,,43
丨氐亘,HSb,,5
丨氐丿,HSd,,6
丨氐乇,HSr,,6
丨氐賳,HSn,,12
丨氐賷,HSy,,11
丨囟乇,HDr,,25
丨囟囟,HDD,,3
丨胤亘,HTb,,2
丨胤胤,HTT,,2
丨胤賲,HTm,,6
丨馗乇,HZr,,2
丨馗馗,HZZ,,7
丨賮乇,Hfr,,2
丨賮馗,HfZ,,42
丨賮賮,Hff,,2
丨賮賵,Hfw,,3
丨賯亘,Hqb,,2
丨賯賯,Hqq,"truth, right",263
丨賰賲,Hkm,,189
丨賱賮,Hlf,,12
丨賱賯,Hlq,,3
丨賱賱,Hll,,43
丨賱賲,Hlm,,20
丨賱賷,Hly,,9
丨賲兀,Hm>,,4
丨賲丿,Hmd,praise,66
丨賲乇,Hmr,,6
丨賲賱,Hml,,50
丨賲賲,Hmm,,20
丨賲賷,Hmy,,5
丨賳孬,Hnv,,2
丨賳噩乇,Hnjr,,2
丨賳賮,Hnf,,12
丨賵鬲,Hwt,,5
丨賵噩,Hwj,,3
丨賵匕,Hw*,,2
丨賵乇,Hwr,,12
丨賵卮,Hw$,,2
丨賵胤,HwT,,27
丨賵賱,Hwl,,25
丨賵賷,Hwy,,2
丨賷孬,Hyv,,29
丨賷氐,HyS,,5
丨賷囟,HyD,,2
丨賷賯,Hyq,,10
丨賷賳,Hyn,,33
丨賷賷,Hyy,,166
禺亘鬲,xbt,,3
禺亘孬,xbv,,10
禺亘乇,xbr,,52
禺亘賱,xbl,,2
禺鬲賲,xtm,,8
禺丿丿,xdd,,2
禺丿毓,xdE,,3
禺丿賳,xdn,,2
禺匕賱,x*l,,3
禺乇亘,xrb,,2
禺乇噩,xrj,,157
禺乇丿賱,xrdl,,2
禺乇乇,xrr,,12
禺乇氐,xrS,,5
禺乇賯,xrq,,3
禺夭賳,xzn,,13
禺夭賷,xzy,,24
禺爻兀,xs>,,4
禺爻乇,xsr,,60
禺爻賮,xsf,,8
禺卮毓,x$E,,16
禺卮賷,x$y,,40
禺氐氐,xSS,,4
禺氐賮,xSf,,2
禺氐賲,xSm,,17
禺囟乇,xDr,,8
禺囟毓,xDE,,2
禺胤兀,xT>,,20
禺胤亘,xTb,,12
禺胤賮,xTf,,6
禺胤賵,xTw,,4
禺賮鬲,xft,,3
禺賮囟,xfD,,4
禺賮賮,xff,,17
禺賮賷,xfy,,31
禺賱丿,xld,,86
禺賱氐,xlS,,30
禺賱胤,xlT,,6
禺賱賮,xlf,,116
禺賱賯,xlq,"create, creation",218
禺賱賱,xll,,13
禺賱賵,xlw,,28
禺賲丿,xmd,,2
禺賲乇,xmr,,7
禺賲爻,xms,,8
禺賲氐,xmS,,2
禺賳夭乇,xnzr,,5
禺賳爻,xns,,2
禺賵乇,xwr,,2
禺賵囟,xwD,,9
禺賵賮,xwf,,112
禺賵賱,xwl,,6
禺賵賳,xwn,,11
禺賵賷,xwy,,5
禺賷亘,xyb,,5
禺賷乇,xyr,,178
禺賷胤,xyT,,2
禺賷賱,xyl,,9
丿兀亘,d>b,,6
丿亘亘,dbb,,18
丿亘乇,dbr,,44
丿丨乇,dHr,,4
丿丨囟,dHD,,4
丿禺乇,dxr,,4
丿禺賱,dxl,,111
丿禺賳,dxn,,2
丿乇兀,dr>,,5
丿乇噩,drj,,20
丿乇乇,drr,,4
丿乇爻,drs,,6
丿乇賰,drk,,11
丿乇賷,dry,,28
丿毓毓,dEE,,2
丿毓賵,dEw,,182
丿賮毓,dfE,,9
丿賰賰,dkk,,4
丿賱賱,dll,,8
丿賱賵,dlw,,3
丿賲乇,dmr,,8
丿賲毓,dmE,,2
丿賲賵,dmw,,10
丿賳賵,dnw,,128
丿賴乇,dhr,,2
丿賴賳,dhn,,4
丿賵乇,dwr,,53
丿賵賱,dwl,,2
丿賵賲,dwm,,9
丿賵賳,dwn,,142
丿賷賳,dyn,,87
匕兀亘,*>b,,3
匕亘丨,*bH,,9
匕乇兀,*r>,,6
匕乇乇,*rr,,36
匕乇毓,*rE,,4
匕乇賵,*rw,,2
匕賯賳,*qn,,3
匕賰乇,*kr,,264
匕賱賱,*ll,,23
匕賲賲,*mm,,5
匕賳亘,*nb,,37
匕賴亘,*hb,,56
匕賵賯,*wq,,61
乇兀爻,r>s,,17
乇兀賮,r>f,,12
乇兀賷,r>y,,297
乇亘氐,rbS,,12
乇亘胤,rbT,,5
乇亘毓,rbE,,21
乇亘賵,rbw,,15
乇鬲賱,rtl,,2
乇噩夭,rjz,,9
乇噩爻,rjs,,9
乇噩毓,rjE,,103
乇噩賮,rjf,,7
乇噩賱,rjl,,66
乇噩賲,rjm,,14
乇噩賵,rjw,,27
乇丨亘,rHb,,4
乇丨賱,rHl,,4
乇丨賲,rHm,"mercy, compassion",312
乇丿丿,rdd,,57
乇丿賮,rdf,,3
乇丿賷,rdy,,6
乇匕賱,r*l,,4
乇夭賯,rzq,,109
乇爻禺,rsx,,2
乇爻爻,rss,,2
乇爻賱,rsl,"messenger, send",428
乇爻賵,rsw,,14
乇卮丿,r$d,,19
乇氐丿,rSd,,6
乇囟毓,rDE,,6
乇囟賵,rDw,,64
乇胤亘,rTb,,2
乇毓亘,rEb,,5
乇毓丿,rEd,,2
乇毓賷,rEy,,9
乇睾亘,rgb,,8
乇睾丿,rgd,,3
乇賮鬲,rft,,2
乇賮孬,rfv,,2
乇賮毓,rfE,,29
乇賮賯,rfq,,5
乇賯亘,rqb,,20
乇賯丿,rqd,,2
乇賯賲,rqm,,3
乇賯賷,rqy,,3
乇賰亘,rkb,,15
乇賰爻,rks,,2
乇賰囟,rkD,,3
乇賰毓,rkE,,10
乇賰賲,rkm,,3
乇賰賳,rkn,,4
乇賲賲,rmm,,2
乇賲賳,rmn,,3
乇賲賷,rmy,,7
乇賴亘,rhb,,12
乇賴胤,rhT,,3
乇賴賯,rhq,,10
乇賴賳,rhn,,3
乇賵丨,rwH,,52
乇賵丿,rwd,,120
乇賵囟,rwD,,2
乇賵睾,rwg,,3
乇賷亘,ryb,,35
夭亘乇,zbr,,11
夭噩乇,zjr,,5
夭噩賵,zjw,,3
夭丨夭丨,zHzH,,2
夭禺乇賮,zxrf,,4
夭乇毓,zrE,,12
夭毓賲,zEm,,16
夭賮乇,zfr,,3
夭賯賲,zqm,,3
夭賰賵,zkw,"charity, purity",56
夭賱夭賱,zlzl,,4
夭賱賮,zlf,,10
夭賱賯,zlq,,2
夭賱賱,zll,,4
夭賱賲,zlm,,2
夭賲乇,zmr,,2
夭賳賷,zny,,5
夭賴賯,zhq,,4
夭賵噩,zwj,,72
夭賵乇,zwr,,6
夭賵賱,zwl,,3
夭賷鬲,zyt,,6
夭賷丿,zyd,,59
夭賷睾,zyg,,8
夭賷賱,zyl,,10
夭賷賳,zyn,,43
爻兀賱,s>l,,118
爻兀賲,s>m,,3
爻亘兀,sb>,,2
爻亘亘,sbb,,10
爻亘鬲,sbt,,7
爻亘丨,sbH,,87
爻亘胤,sbT,,5
爻亘毓,sbE,,24
爻亘睾,sbg,,2
爻亘賯,sbq,,35
爻亘賱,sbl,,164
爻鬲鬲,stt,,8
爻鬲乇,str,,3
爻噩丿,sjd,,81
爻噩乇,sjr,,3
爻噩賱,sjl,,4
爻噩賳,sjn,,12
爻丨亘,sHb,,11
爻丨鬲,sHt,,4
爻丨乇,sHr,,59
爻丨賯,sHq,,2
爻禺乇,sxr,,35
爻禺胤,sxT,,4
爻丿丿,sdd,,5
爻丿乇,sdr,,4
爻丿爻,sds,,4
爻乇亘,srb,,4
爻乇亘賱,srbl,,2
爻乇噩,srj,,4
爻乇丨,srH,,5
爻乇乇,srr,,43
爻乇毓,srE,,23
爻乇賮,srf,,21
爻乇賯,srq,,7
爻乇賲丿,srmd,,2
爻乇賷,sry,,8
爻胤乇,sTr,,16
爻毓丿,sEd,,2
爻毓乇,sEr,,19
爻毓賷,sEy,,28
爻賮丨,sfH,,4
爻賮乇,sfr,,12
爻賮賰,sfk,,2
爻賮賱,sfl,,9
爻賮賳,sfn,,3
爻賮賴,sfh,,10
爻賯胤,sqT,,8
爻賯賮,sqf,,4
爻賯賲,sqm,,2
爻賯賷,sqy,,24
爻賰乇,skr,,6
爻賰賳,skn,,66
爻賱禺,slx,,3
爻賱爻賱,slsl,,3
爻賱胤,slT,,39
爻賱賮,slf,,8
爻賱賰,slk,,12
爻賱賱,sll,,3
爻賱賲,slm,"peace, submit, Islam",127
爻賱賵,slw,,3
爻賲乇,smr,,4
爻賲毓,smE,"hear, listen",163
爻賲賲,smm,,4
爻賲賳,smn,,4
爻賲賵,smw,"name, heaven, sky",352
爻賳亘賱,snbl,,4
爻賳賳,snn,,15
爻賳賵,snw,,20
爻賴賵,shw,,2
爻賵兀,sw>,,151
爻賵丿,swd,,9
爻賵乇,swr,,16
爻賵毓,swE,,44
爻賵睾,swg,,3
爻賵賯,swq,,16
爻賵賱,swl,,4
爻賵賲,swm,,15
爻賵賷,swy,,80
爻賷丨,syH,,3
爻賷乇,syr,,25
爻賷賱,syl,,3
卮兀賲,$>m,,2
卮兀賳,$>n,,4
卮亘賴,$bh,,9
卮鬲鬲,$tt,,5
卮噩乇,$jr,,26
卮丨丨,$HH,,4
卮丨賳,$Hn,,3
卮禺氐,$xS,,2
卮丿丿,$dd,,99
卮乇亘,$rb,,34
卮乇丨,$rH,,5
卮乇乇,$rr,,30
卮乇毓,$rE,,5
卮乇賯,$rq,,17
卮乇賰,$rk,"associate, polytheism",143
卮乇賷,$ry,,23
卮胤兀,$T>,,2
卮胤乇,$Tr,,3
卮胤胤,$TT,,3
卮胤賳,$Tn,,78
卮毓亘,$Eb,,2
卮毓乇,$Er,,40
卮睾賱,$gl,,2
卮賮毓,$fE,,26
卮賮賯,$fq,,11
卮賮賵,$fw,,2
卮賮賷,$fy,,6
卮賯賯,$qq,,25
卮賯賵,$qw,,12
卮賰乇,$kr,"gratitude, thanks",69
卮賰賰,$kk,,15
卮賰賱,$kl,,2
卮賰賵,$kw,,3
卮賲爻,$ms,,32
卮賲賱,$ml,,11
卮賳兀,$n>,,3
卮賴亘,$hb,,5
卮賴丿,$hd,,123
卮賴乇,$hr,,17
卮賴賯,$hq,,2
卮賴賵,$hw,,13
卮賵乇,$wr,,4
卮賵賷,$wy,,2
卮賷兀,$y>,,449
卮賷亘,$yb,,3
卮賷禺,$yx,,4
卮賷丿,$yd,,2
卮賷毓,$yE,,11
氐亘兀,Sb>,,3
氐亘亘,Sbb,,4
氐亘丨,SbH,,43
氐亘乇,Sbr,"patience, persevere",93
氐亘毓,SbE,,2
氐亘睾,Sbg,,2
氐亘賵,Sbw,,3
氐丨亘,SHb,,89
氐丨賮,SHf,,9
氐禺乇,Sxr,,3
氐丿丿,Sdd,,41
氐丿乇,Sdr,,43
氐丿毓,SdE,,5
氐丿賮,Sdf,,3
氐丿賯,Sdq,,144
氐丿賷,Sdy,,2
氐乇丨,SrH,,3
氐乇禺,Srx,,4
氐乇乇,Srr,,6
氐乇氐乇,SrSr,,3
氐乇胤,SrT,path,45
氐乇賮,Srf,,29
氐乇賲,Srm,,3
氐毓丿,SEd,,9
氐毓賯,SEq,,10
氐睾乇,Sgr,,13
氐睾賵,Sgw,,2
氐賮丨,SfH,,7
氐賮丿,Sfd,,2
氐賮乇,Sfr,,5
氐賮賮,Sff,,12
氐賮賵,Sfw,,16
氐賱亘,Slb,,8
氐賱丨,SlH,,170
氐賱氐賱,SlSl,,4
氐賱賵,Slw,"prayer, contact",90
氐賱賷,Sly,,25
氐賲賲,Smm,,14
氐賳毓,SnE,,19
氐賳賲,Snm,,5
氐賴乇,Shr,,2
氐賵亘,Swb,,56
氐賵鬲,Swt,,5
氐賵乇,Swr,,17
氐賵賲,Swm,,11
氐賷丨,SyH,,13
氐賷丿,Syd,,5
氐賷乇,Syr,,29
囟噩毓,DjE,,3
囟丨賰,DHk,,10
囟丨賵,DHw,,7
囟乇亘,Drb,,54
囟乇乇,Drr,,70
囟乇毓,DrE,,8
囟毓賮,DEf,,45
囟睾孬,Dgv,,3
囟睾賳,Dgn,,2
囟賱賱,Dll,"stray, go astray",170
囟賲賲,Dmm,,2
囟賵兀,Dw>,,6
囟賷毓,DyE,,10
囟賷賮,Dyf,,6
囟賷賯,Dyq,,12
胤亘毓,TbE,,11
胤亘賯,Tbq,,3
胤乇丿,Trd,,4
胤乇賮,Trf,,11
胤乇賯,Trq,,11
胤乇賵,Trw,,2
胤毓賲,TEm,,41
胤毓賳,TEn,,2
胤睾賷,Tgy,,39
胤賮兀,Tf>,,3
胤賮賯,Tfq,,3
胤賮賱,Tfl,,4
胤賱亘,Tlb,,3
胤賱毓,TlE,,18
胤賱賯,Tlq,,21
胤賲兀賳,Tm>n,,12
胤賲孬,Tmv,,2
胤賲爻,Tms,,5
胤賲毓,TmE,,12
胤賴乇,Thr,,26
胤賵乇,Twr,,11
胤賵毓,TwE,,118
胤賵賮,Twf,,35
胤賵賯,Twq,,4
胤賵賱,Twl,,10
胤賵賷,Twy,,4
胤賷亘,Tyb,,46
胤賷乇,Tyr,,24
胤賷賳,Tyn,,12
馗賮乇,Zfr,,2
馗賱賱,Zll,,31
馗賱賲,Zlm,"wrong, oppress",290
馗賲兀,Zm>,,3
馗賳賳,Znn,,57
馗賴乇,Zhr,,57
毓亘孬,Ebv,,2
毓亘丿,Ebd,"worship, serve",251
毓亘乇,Ebr,,9
毓亘爻,Ebs,,3
毓鬲亘,Etb,,4
毓鬲丿,Etd,,16
毓鬲賯,Etq,,2
毓鬲賱,Etl,,2
毓鬲賵,Etw,,9
毓孬乇,Evr,,2
毓孬賵,Evw,,5
毓噩亘,Ejb,,24
毓噩夭,Ejz,,25
毓噩賮,Ejf,,2
毓噩賱,Ejl,,44
毓噩賲,Ejm,,3
毓丿丿,Edd,,50
毓丿賱,Edl,"justice, fairness",24
毓丿賵,Edw,,92
毓匕亘,E*b,"punish, torment",336
毓匕乇,E*r,,11
毓乇亘,Erb,,22
毓乇噩,Erj,,9
毓乇乇,Err,,2
毓乇卮,Er$,,31
毓乇囟,ErD,,72
毓乇賮,Erf,,63
毓乇賵,Erw,,3
毓乇賷,Ery,,3
毓夭亘,Ezb,,2
毓夭乇,Ezr,,3
毓夭夭,Ezz,,116
毓夭賱,Ezl,,10
毓夭賲,Ezm,,9
毓爻乇,Esr,,12
毓爻賷,Esy,,28
毓卮乇,E$r,,26
毓卮賵,E$w,,14
毓氐亘,ESb,,5
毓氐乇,ESr,,5
毓氐賮,ESf,,6
毓氐賲,ESm,,12
毓氐賵,ESw,,12
毓氐賷,ESy,,32
毓囟丿,EDd,,2
毓囟囟,EDD,,2
毓囟賱,EDl,,2
毓胤賱,ETl,,2
毓胤賵,ETw,,12
毓馗賲,EZm,,126
毓賮賮,Eff,,4
毓賮賵,Efw,,31
毓賯亘,Eqb,,74
毓賯丿,Eqd,,7
毓賯乇,Eqr,,8
毓賯賱,Eql,,49
毓賯賲,Eqm,,4
毓賰賮,Ekf,,9
毓賱賯,Elq,,6
毓賱賳,Eln,,16
毓賱賵,Elw,,68
毓賲丿,Emd,,7
毓賲乇,Emr,,19
毓賲賱,Eml,,313
毓賲賲,Emm,,3
毓賲賴,Emh,,7
毓賲賷,Emy,,30
毓賳亘,Enb,,11
毓賳鬲,Ent,,4
毓賳丿,End,,189
毓賳賯,Enq,,9
毓賴丿,Ehd,,36
毓賴賳,Ehn,,2
毓賵噩,Ewj,,9
毓賵丿,Ewd,,58
毓賵匕,Ew*,,17
毓賵乇,Ewr,,3
毓賵賲,Ewm,,7
毓賵賳,Ewn,,11
毓賷乇,Eyr,,3
毓賷卮,Ey$,,8
毓賷賱,Eyl,,2
毓賷賳,Eyn,,63
毓賷賷,Eyy,,2
睾亘乇,gbr,,8
睾孬賵,gvw,,2
睾丿乇,gdr,,2
睾丿賵,gdw,,16
睾乇亘,grb,,17
睾乇乇,grr,,21
睾乇賮,grf,,5
睾乇賯,grq,,23
睾乇賲,grm,,6
睾乇賵,grw,,2
睾爻賯,gsq,,4
睾爻賱,gsl,,4
睾卮賵,g$w,,26
睾囟亘,gDb,"anger, wrath",21
睾囟囟,gDD,,4
睾胤賵,gTw,,2
睾賮乇,gfr,forgive,202
睾賮賱,gfl,,35
睾賱亘,glb,,28
睾賱馗,glZ,,13
睾賱賮,glf,,2
睾賱賱,gll,,13
睾賱賲,glm,,13
睾賱賵,glw,,2
睾賱賷,gly,,2
睾賲乇,gmr,,4
睾賲賲,gmm,,10
睾賳賲,gnm,,9
睾賳賷,gny,,72
睾賵孬,gwv,,4
睾賵乇,gwr,,4
睾賵氐,gwS,,2
睾賵胤,gwT,,2
睾賵賷,gwy,,18
睾賷亘,gyb,,59
睾賷孬,gyv,,4
睾賷乇,gyr,,146
睾賷囟,gyD,,2
睾賷馗,gyZ,,10
賮兀丿,f>d,,15
賮兀賷,f>y,,9
賮鬲丨,ftH,,33
賮鬲乇,ftr,,3
賮鬲賱,ftl,,3
賮鬲賳,ftn,"trial, test",58
賮鬲賷,fty,,19
賮噩噩,fjj,,3
賮噩乇,fjr,,21
賮丨卮,fH$,,23
賮禺乇,fxr,,6
賮丿賷,fdy,,13
賮乇鬲,frt,,3
賮乇噩,frj,,9
賮乇丨,frH,,21
賮乇丿,frd,,5
賮乇乇,frr,,10
賮乇卮,fr$,,6
賮乇囟,frD,,14
賮乇胤,frT,,8
賮乇睾,frg,,6
賮乇賯,frq,,66
賮乇賷,fry,,54
賮夭夭,fzz,,3
賮夭毓,fzE,,6
賮爻丿,fsd,,47
賮爻賯,fsq,,54
賮卮賱,f$l,,4
賮氐賱,fSl,,42
賮囟囟,fDD,,9
賮囟賱,fDl,,92
賮胤乇,fTr,,19
賮毓賱,fEl,,102
賮賯丿,fqd,,3
賮賯乇,fqr,,14
賮賯賴,fqh,,20
賮賰乇,fkr,,18
賮賰賰,fkk,,2
賮賰賴,fkh,,19
賮賱丨,flH,,40
賮賱賯,flq,,4
賮賱賰,flk,,25
賮賵鬲,fwt,,5
賮賵噩,fwj,,5
賮賵乇,fwr,,4
賮賵夭,fwz,,27
賮賵賯,fwq,,41
賮賵賴,fwh,,13
賮賷兀,fy>,,6
賮賷囟,fyD,,8
賯亘乇,qbr,,8
賯亘爻,qbs,,3
賯亘囟,qbD,,7
賯亘賱,qbl,,282
賯鬲乇,qtr,,5
賯鬲賱,qtl,,122
賯丨賲,qHm,,2
賯丿丿,qdd,,5
賯丿乇,qdr,,121
賯丿爻,qds,,10
賯丿賲,qdm,,48
賯丿賵,qdw,,2
賯匕賮,q*f,,8
賯乇兀,qr>,,79
賯乇亘,qrb,,91
賯乇丨,qrH,,2
賯乇丿,qrd,,3
賯乇乇,qrr,,37
賯乇囟,qrD,,7
賯乇胤爻,qrTs,,2
賯乇毓,qrE,,5
賯乇賮,qrf,,4
賯乇賳,qrn,,34
賯乇賷,qry,,54
賯爻胤,qsT,,22
賯爻胤爻,qsTs,,2
賯爻賲,qsm,,31
賯爻賵,qsw,,6
賯氐丿,qSd,,6
賯氐乇,qSr,,11
賯氐氐,qSS,,25
賯氐賵,qSw,,5
賯囟賷,qDy,,59
賯胤乇,qTr,,5
賯胤毓,qTE,,36
賯胤賮,qTf,,2
賯毓丿,qEd,,26
賯賮賵,qfw,,4
賯賱亘,qlb,heart,155
賯賱丿,qld,,4
賯賱賱,qll,,74
賯賱賲,qlm,,4
賯賱賷,qly,,2
賯賲乇,qmr,,26
賯賲氐,qmS,,6
賯賳鬲,qnt,,12
賯賳胤,qnT,,6
賯賳胤乇,qnTr,,3
賯賳毓,qnE,,2
賯賴乇,qhr,,10
賯賵鬲,qwt,,2
賯賵毓,qwE,,2
賯賵賷,qwy,,39
賯賷囟,qyD,,2
賯賷賱,qyl,,2
賰兀爻,k>s,,6
賰亘亘,kbb,,2
賰亘鬲,kbt,,2
賰亘乇,kbr,,153
賰鬲亘,ktb,"write, prescribe, book",279
賰鬲賲,ktm,,20
賰孬乇,kvr,,162
賰匕亘,k*b,,257
賰乇亘,krb,,4
賰乇乇,krr,,6
賰乇爻,krs,,2
賰乇賲,krm,,46
賰乇賴,krh,,35
賰爻亘,ksb,,60
賰爻賮,ksf,,5
賰爻賱,ksl,,2
賰爻賵,ksw,,5
賰卮賮,k$f,,20
賰馗賲,kZm,,6
賰毓亘,kEb,,4
賰賮乇,kfr,"disbelieve, cover",465
賰賮賮,kff,,14
賰賮賱,kfl,,10
賰賮賷,kfy,,32
賰賱亘,klb,,4
賰賱賮,klf,,8
賰賱賱,kll,,355
賰賱賲,klm,,71
賰賱賵,klw,,2
賰賲賱,kml,,5
賰賲賲,kmm,,2
賰賲賴,kmh,,2
賰賳夭,knz,,7
賰賳賳,knn,,12
賰賴賮,khf,,6
賰賴賱,khl,,2
賰賴賳,khn,,2
賰賵亘,kwb,,4
賰賵丿,kwd,,24
賰賵乇,kwr,,2
賰賵賰亘,kwkb,,5
賰賷丿,kyd,,29
賰賷賮,kyf,,83
賰賷賱,kyl,,13
賰賷賳,kyn,,2
賱丐賱丐,l&l&,,6
賱亘亘,lbb,,16
賱亘孬,lbv,,27
賱亘丿,lbd,,2
賱亘爻,lbs,,20
賱亘賳,lbn,,2
賱噩兀,lj>,,3
賱噩噩,ljj,,4
賱丨丿,lHd,,6
賱丨賯,lHq,,6
賱丨賲,lHm,,12
賱丿丿,ldd,,2
賱丿賳,ldn,,17
賱匕匕,l**,,3
賱夭賲,lzm,,5
賱爻賳,lsn,,24
賱胤賮,lTf,,8
賱毓亘,lEb,,20
賱毓賳,lEn,,36
賱睾亘,lgb,,2
賱睾賵,lgw,,11
賱賮鬲,lft,,3
賱賮賮,lff,,3
賱賮賵,lfw,,3
賱賯胤,lqT,,2
賱賯賮,lqf,,3
賱賯賷,lqy,,135
賱賲丨,lmH,,2
賱賲夭,lmz,,4
賱賲爻,lms,,5
賱賲賲,lmm,,2
賱賴亘,lhb,,3
賱賴賵,lhw,,15
賱賵丨,lwH,,6
賱賵賲,lwm,,12
賱賵賳,lwn,,7
賱賵賷,lwy,,5
賱賷爻,lys,,85
賱賷賱,lyl,,81
賱賷賳,lyn,,5
賲兀賷,m>y,,7
賲鬲毓,mtE,,65
賲鬲賳,mtn,,3
賲孬賱,mvl,,148
賲噩丿,mjd,,4
賲丨氐,mHS,,2
賲丨賯,mHq,,2
賲丨賳,mHn,,2
賲丨賵,mHw,,3
賲禺乇,mxr,,2
賲丿丿,mdd,,29
賲丿賳,mdn,,27
賲乇兀,mr>,,37
賲乇噩,mrj,,6
賲乇丨,mrH,,3
賲乇丿,mrd,,5
賲乇乇,mrr,,32
賲乇囟,mrD,,23
賲乇賷,mry,,19
賲夭噩,mzj,,3
賲夭賯,mzq,,2
賲爻丨,msH,,12
賲爻爻,mss,,57
賲爻賰,msk,,24
賲卮賷,m$y,,20
賲氐乇,mSr,,5
賲囟睾,mDg,,2
賲囟賷,mDy,,5
賲胤乇,mTr,,9
賲賯鬲,mqt,,5
賲賰孬,mkv,,7
賲賰乇,mkr,,23
賲賰賳,mkn,,16
賲賱兀,ml>,,40
賲賱丨,mlH,,2
賲賱賯,mlq,,2
賲賱賰,mlk,"king, own, possess",191
賲賱賱,mll,,16
賲賱賵,mlw,,9
賲賳毓,mnE,,17
賲賳賳,mnn,,25
賲賳賷,mny,,19
賲賴丿,mhd,,15
賲賴賱,mhl,,5
賲賴賳,mhn,,4
賲賵鬲,mwt,"death, die",143
賲賵噩,mwj,,6
賲賵乇,mwr,,2
賲賵賱,mwl,,80
賲賵賴,mwh,,60
賲賷丿,myd,,5
賲賷夭,myz,,4
賲賷賱,myl,,3
賳兀賷,n>y,,3
賳亘兀,nb>,"prophet, news",151
賳亘鬲,nbt,,23
賳亘匕,nb*,,12
賳亘毓,nbE,,2
賳孬乇,nvr,,3
賳噩賲,njm,,13
賳噩賵,njw,,75
賳丨鬲,nHt,,4
賳丨爻,nHs,,3
賳丨賱,nHl,,2
賳禺賱,nxl,,20
賳丿丿,ndd,,6
賳丿賲,ndm,,7
賳丿賷,ndy,,50
賳匕乇,n*r,,115
賳夭毓,nzE,,20
賳夭睾,nzg,,4
賳夭賮,nzf,,2
賳夭賱,nzl,,257
賳爻兀,ns>,,2
賳爻亘,nsb,,3
賳爻禺,nsx,,4
賳爻賮,nsf,,3
賳爻賰,nsk,,6
賳爻賱,nsl,,4
賳爻賵,nsw,,53
賳爻賷,nsy,,37
賳卮兀,n$>,,25
賳卮乇,n$r,,20
賳卮夭,n$z,,4
賳氐亘,nSb,,29
賳氐鬲,nSt,,2
賳氐丨,nSH,,11
賳氐乇,nSr,,137
賳氐賮,nSf,,7
賳氐賷,nSy,,4
賳囟丿,nDd,,3
賳囟乇,nDr,,3
賳胤賮,nTf,,12
賳胤賯,nTq,,11
賳馗乇,nZr,,115
賳毓噩,nEj,,2
賳毓爻,nEs,,2
賳毓賲,nEm,"blessing, grace",128
賳賮禺,nfx,,18
賳賮丿,nfd,,4
賳賮乇,nfr,,16
賳賮爻,nfs,"soul, self",269
賳賮卮,nf$,,2
賳賮毓,nfE,,49
賳賮賯,nfq,,86
賳賮賱,nfl,,3
賳賯亘,nqb,,3
賳賯匕,nq*,,5
賳賯乇,nqr,,3
賳賯氐,nqS,,10
賳賯囟,nqD,,9
賳賯賲,nqm,,16
賳賰亘,nkb,,2
賳賰孬,nkv,,6
賳賰丨,nkH,,19
賳賰乇,nkr,,37
賳賰爻,nks,,3
賳賰氐,nkS,,2
賳賰賮,nkf,,2
賳賰賱,nkl,,5
賳賲賱,nml,,2
賳賴乇,nhr,,102
賳賴賷,nhy,,54
賳賵亘,nwb,,18
賳賵乇,nwr,,174
賳賵賯,nwq,,7
賳賵賲,nwm,,9
賳賷賱,nyl,,10
賴丕鬲,hAt,,4
賴亘胤,hbT,,8
賴亘賵,hbw,,2
賴噩乇,hjr,,27
賴丿賷,hdy,"guide, guidance",268
賴乇毓,hrE,,2
賴夭兀,hz>,,32
賴夭夭,hzz,,5
賴夭賲,hzm,,3
賴卮賲,h$m,,2
賴囟賲,hDm,,2
賴胤毓,hTE,,3
賴賱賰,hlk,,63
賴賱賱,hll,,5
賴賱賲,hlm,,2
賴賲夭,hmz,,3
賴賲賲,hmm,,8
賴賲賳,hmn,,2
賴賳兀,hn>,,4
賴賵丿,hwd,,29
賴賵賳,hwn,,26
賴賵賷,hwy,,37
賴賷兀,hy>,,4
賴賷噩,hyj,,2
賴賷賲,hym,,2
賵亘賯,wbq,,2
賵亘賱,wbl,,7
賵鬲丿,wtd,,3
賵鬲乇,wtr,,3
賵孬賯,wvq,,29
賵孬賳,wvn,,3
賵噩丿,wjd,,99
賵噩爻,wjs,,3
賵噩賮,wjf,,2
賵噩賱,wjl,,5
賵噩賴,wjh,,71
賵丨丿,wHd,"one, unity",67
賵丨賷,wHy,,70
賵丿丿,wdd,,28
賵丿毓,wdE,,4
賵丿賯,wdq,,2
賵丿賷,wdy,,11
賵匕乇,w*r,,43
賵乇孬,wrv,,34
賵乇丿,wrd,,9
賵乇賯,wrq,,4
賵乇賷,wry,,31
賵夭乇,wzr,,14
賵夭毓,wzE,,5
賵夭賳,wzn,,21
賵爻胤,wsT,,5
賵爻毓,wsE,,29
賵爻賯,wsq,,2
賵爻賱,wsl,,2
賵爻賲,wsm,,2
賵爻賵爻,wsws,,5
賵氐亘,wSb,,2
賵氐丿,wSd,,3
賵氐賮,wSf,,14
賵氐賱,wSl,,10
賵氐賷,wSy,,21
賵囟毓,wDE,,24
賵胤兀,wT>,,5
賵毓丿,wEd,,130
賵毓馗,wEZ,,24
賵毓賷,wEy,,4
賵賮賯,wfq,,4
賵賮賷,wfy,,64
賵賯鬲,wqt,,13
賵賯丿,wqd,,11
賵賯乇,wqr,,9
賵賯毓,wqE,,22
賵賯賮,wqf,,4
賵賯賷,wqy,,237
賵賰兀,wk>,,11
賵賰賱,wkl,,60
賵賱噩,wlj,,9
賵賱丿,wld,"child, born",80
賵賱賷,wly,,201
賵賴亘,whb,,22
賵賴賳,whn,,8
賷兀爻,y>s,,11
賷亘爻,ybs,,4
賷鬲賲,ytm,,22
賷丿賷,ydy,,110
賷爻乇,ysr,,40
賷賯賳,yqn,,28
賷賲賲,ymm,,10
賷賲賳,ymn,,63
賷賵賲,ywm,day,437
